lawless,0.7856241
a-slipping-down-life,0.09910322
the-count-of-monte-cristo,0.09910322
mad-max-fury-road,0.09910322
the-dark-knight-rises,0.09910322
warrior,0.09910322
transformers,0.09910322
the-rover,0.09910322
the-revenant-2015,0.09910322
ravenous,0.09910322
results,0.09910322
surfs-up,0.09910322
the-company-you-keep,0.09910322
holes,0.09910322
this-means-war,0.09910322
legend,0.09910322
memento,0.09910322
dont-be-afraid-of-the-dark,0.09910322
indiana-jones-and-the-kingdom-of-the-crystal-skull,0.09910322
traitor,0.09910322
the-drop,0.09910322
the-adventures-of-priscilla-queen-of-the-desert,0.09910322
breathe-in,0.09910322
the-hard-word,0.09910322
the-time-machine,0.09910322
transformers-revenge-of-the-fallen,0.09910322
transformers-dark-of-the-moon,0.09910322
iron-man-3,0.09910322
lockout,0.09910322
eagle-eye,0.09910322
two-brothers,0.09910322
the-proposition,0.09910322
la-confidential,0.09910322
fury,0.09910322
yours-mine-and-ours,1e-20
miss-conception,1e-20
the-lost-skeleton-of-cadavra,1e-20
almost-famous,1e-20
hop,1e-20
aftershock,1e-20
dysfunktional-family,1e-20
the-cabin-in-the-woods,1e-20
head-over-heels,1e-20
anchorman-2-the-legend-continues,1e-20
music-of-the-heart,1e-20
mary-reilly,1e-20
the-wash,1e-20
but-im-a-cheerleader,1e-20
top-secret!,1e-20
shark-night-3d,1e-20
