lawless-heart,0.06079271
lawless,0.06079271
but-im-a-cheerleader,0
the-man-who-copied,0
fidel,0
aftershock,0
a-chorus-line,0
agnes-browne,0
chasing-liberty,0
malevolence,0
the-wash,0
the-cabin-in-the-woods,0
almost-famous,0
yours-mine-and-ours,0
the-singing-detective,0
labyrinth-of-lies,0
three-amigos,0
fifi-howls-from-happiness,0
easy,0
harvard-man,0
race-you-to-the-bottom,0
valley-of-love,0
intimate-stories,0
music-of-the-heart,0
head-over-heels,0
mongolian-ping-pong,0
hop,0
gunner-palace,0
miss-conception,0
the-guillotines,0
sound-and-fury,0
notre-musique,0
god-loves-uganda,0
crocodile-dundee-in-los-angeles,0
princess-mononoke,0
dracula-untold,0
spy-hard,0
tucker-the-man-and-his-dream,0
eight-men-out,0
dirty,0
ride-with-the-devil,0
raze,0
the-saint,0
fired!,0
la-moustache,0
mary-reilly,0
top-secret!,0
out-cold,0
me-myself-i,0
cold-mountain,0
