pirates-of-the-caribbean-the-curse-of-the-black-pearl,0.5990136
pirates-of-the-caribbean-dead-men-tell-no-tales,0.09735848
pirates-of-the-caribbean-at-worlds-end,0.09735848
pirates-of-the-caribbean-dead-mans-chest,0.09735848
aftershock,1e-20
a-chorus-line,1e-20
cold-mountain,1e-20
reality,1e-20
fidel,1e-20
the-wash,1e-20
the-cabin-in-the-woods,1e-20
almost-famous,1e-20
oswalds-ghost,1e-20
yours-mine-and-ours,1e-20
happy-texas,1e-20
malevolence,1e-20
labyrinth-of-lies,1e-20
three-amigos,1e-20
fifi-howls-from-happiness,1e-20
harvard-man,1e-20
race-you-to-the-bottom,1e-20
valley-of-love,1e-20
intimate-stories,1e-20
music-of-the-heart,1e-20
head-over-heels,1e-20
mongolian-ping-pong,1e-20
hop,1e-20
gunner-palace,1e-20
jimmy-carter-man-from-plains,1e-20
miss-conception,1e-20
agnes-browne,1e-20
married-to-the-mob,1e-20
the-guillotines,1e-20
dolls,1e-20
the-singing-detective,1e-20
god-loves-uganda,1e-20
crocodile-dundee-in-los-angeles,1e-20
princess-mononoke,1e-20
dracula-untold,1e-20
spy-hard,1e-20
the-details,1e-20
tucker-the-man-and-his-dream,1e-20
eight-men-out,1e-20
dirty,1e-20
ride-with-the-devil,1e-20
raze,1e-20
the-saint,1e-20
fired!,1e-20
henry-v,1e-20
sound-and-fury,1e-20
